,RMSE_L,RMSE_N
1,32.02650870064564,32.75323867708667
2,37.290107491499626,37.49656236799159
3,48.185134557331764,49.709989941318504
4,55.943239620767024,57.60578879368412
5,83.05472059678468,83.00470319656375
6,109.04878162954718,107.97447129403571
7,165.41213699929554,164.6253757818047
8,253.47193675160463,253.56231271615823
9,319.5959551627779,319.4787480450452
